3,-1,ik5qpw8Rx72Man0VEij2MNLyLRQ=,rQhuFsVG0ApCtH9FpVdi6BZNYKg=
2,-1,RuMQbQIKryroBmiRS9/f5P3ULro=,k/0sky52IA8knnJh4eQ6xB8sfYE=
1,-1,RuMQbQIKryroBmiRS9/f5P3ULro=,yr1W9r9AXRm8wTIcMes7DvVi7fc=
1,-2,RuMQbQIKryroBmiRS9/f5P3ULro=,rQhuFsVG0ApCtH9FpVdi6BZNYKg=
1,-3,RuMQbQIKryroBmiRS9/f5P3ULro=,rzejZgpJ9HaCRFmns98hTICYE3I=
1,-4,RuMQbQIKryroBmiRS9/f5P3ULro=,rzejZgpJ9HaCRFmns98hTICYE3I=
0,-4,RuMQbQIKryroBmiRS9/f5P3ULro=,5c/KbyuhZsBzxVLZek3N4B5OtkI=
0,-3,RuMQbQIKryroBmiRS9/f5P3ULro=,5c/KbyuhZsBzxVLZek3N4B5OtkI=
0,-2,RuMQbQIKryroBmiRS9/f5P3ULro=,5c/KbyuhZsBzxVLZek3N4B5OtkI=
0,-1,RuMQbQIKryroBmiRS9/f5P3ULro=,5c/KbyuhZsBzxVLZek3N4B5OtkI=
